nama pemeriksaan,nama awam,katerogi,Harga
PHLEBOGRAPHY RISET,Venografi (rontgen pembuluh darah vena dengan kontras) — Pemeriksaan rontgen menggunakan zat kontras untuk melihat pembuluh darah vena dan membantu menilai sumbatan/kelainan vena sesuai indikasi.,,5336000
X-RAY BNO + IVP,"Foto rontgen KUB (ginjal–ureter–kandung kemih) — Untuk membantu melihat batu saluran kemih (kalsifikasi) dan gambaran dasar area ginjal sampai kandung kemih, serta pola gas usus.",,2490000
X-RAY COR ANALYSE,Foto rontgen (X-ray) — Pemeriksaan foto rontgen untuk melihat struktur tulang dan area tubuh terkait sesuai indikasi dokter.,,854000
X-RAY PYELOGRAPHY IV,Foto rontgen (X-ray) — Pemeriksaan foto rontgen untuk melihat struktur tulang dan area tubuh terkait sesuai indikasi dokter.,,2684000
X-RAY RETROGADE PYELOGRAPHY,Foto rontgen (X-ray) — Pemeriksaan foto rontgen untuk melihat struktur tulang dan area tubuh terkait sesuai indikasi dokter.,,2338000
X-RAY T. TUBE CHOLECYSTOGRAPHY,Foto rontgen (X-ray) — Pemeriksaan foto rontgen untuk melihat struktur tulang dan area tubuh terkait sesuai indikasi dokter.,,2095000
X-RAY URETHROGRAPHY,Foto rontgen (X-ray) — Pemeriksaan foto rontgen untuk melihat struktur tulang dan area tubuh terkait sesuai indikasi dokter.,,2572000
X-RAY APPENDICOGRAM,Foto rontgen (X-ray) — Pemeriksaan foto rontgen untuk melihat struktur tulang dan area tubuh terkait sesuai indikasi dokter.,,2125000
X-RAY ARTHROGRAPHY,Foto rontgen (X-ray) — Pemeriksaan foto rontgen untuk melihat struktur tulang dan area tubuh terkait sesuai indikasi dokter.,,2185000
X-RAY BNO + CYSTOGRAFI,"Foto rontgen KUB (ginjal–ureter–kandung kemih) — Untuk membantu melihat batu saluran kemih (kalsifikasi) dan gambaran dasar area ginjal sampai kandung kemih, serta pola gas usus.",,2572000
X-RAY COLON IN LOOP,Foto rontgen (X-ray) — Pemeriksaan foto rontgen untuk melihat struktur tulang dan area tubuh terkait sesuai indikasi dokter.,,2827000
X-RAY COLON REPOSITION,Foto rontgen (X-ray) — Pemeriksaan foto rontgen untuk melihat struktur tulang dan area tubuh terkait sesuai indikasi dokter.,,4076000
X-RAY ESOPHAGUS,Foto rontgen (X-ray) — Pemeriksaan foto rontgen untuk melihat struktur tulang dan area tubuh terkait sesuai indikasi dokter.,,1963000
X-RAY FISTULOGRAPHY,Foto rontgen (X-ray) — Pemeriksaan foto rontgen untuk melihat struktur tulang dan area tubuh terkait sesuai indikasi dokter.,,2623000
X-RAY FOLLOW THROUGH,Foto rontgen (X-ray) — Pemeriksaan foto rontgen untuk melihat struktur tulang dan area tubuh terkait sesuai indikasi dokter.,,2268000
X-RAY H.S.G. (HYSTEROSALPHYNGOGRAPHY),Foto rontgen (X-ray) — Pemeriksaan foto rontgen untuk melihat struktur tulang dan area tubuh terkait sesuai indikasi dokter.,,3670000
X-RAY M.C.U. (MICTURATING CYSTOGRAPHY),Foto rontgen (X-ray) — Pemeriksaan foto rontgen untuk melihat struktur tulang dan area tubuh terkait sesuai indikasi dokter.,,2684000
X-RAY MD (MAAG DUODENUM),Foto rontgen (X-ray) — Pemeriksaan foto rontgen untuk melihat struktur tulang dan area tubuh terkait sesuai indikasi dokter.,,2044000
X-RAY MYELOGRAPHY,Foto rontgen (X-ray) — Pemeriksaan foto rontgen untuk melihat struktur tulang dan area tubuh terkait sesuai indikasi dokter.,,3060000
X-RAY O.M.D. (OESOPHAGUS MAAG DUODENUM),Foto rontgen (X-ray) — Pemeriksaan foto rontgen untuk melihat struktur tulang dan area tubuh terkait sesuai indikasi dokter.,,2755000
X-RAY PHLEBOGRAPHY (1 SIDE),Foto rontgen (X-ray) — Pemeriksaan foto rontgen untuk melihat struktur tulang dan area tubuh terkait sesuai indikasi dokter.,,5622000
X-RAY PHLEBOGRAPHY (2 SIDE),Foto rontgen (X-ray) — Pemeriksaan foto rontgen untuk melihat struktur tulang dan area tubuh terkait sesuai indikasi dokter.,,7685000
X-RAY RETROGRADE URETHROCYSTOGRAPHY,Foto rontgen (X-ray) — Pemeriksaan foto rontgen untuk melihat struktur tulang dan area tubuh terkait sesuai indikasi dokter.,,2450000
X-RAY SIALOGRAPHY,Foto rontgen (X-ray) — Pemeriksaan foto rontgen untuk melihat struktur tulang dan area tubuh terkait sesuai indikasi dokter.,,2226000
VERT. THORACALIS AP+LAT,,,672000
VERT. THORACOLUMBALIS  AP+LAT,,,711000
SINAR TEMBUS (TV GUIDANCE),,,651000
S.I. JOINT (FERGUSON) BILATERAL,,,1291000
X-RAY ABDOMEN 2 POSITION,Foto rontgen perut 2 posisi (telentang + berdiri) — Untuk menilai pola gas usus dan tingkat cairan (air–fluid level) yang membantu evaluasi sumbatan usus.,,1312000
X-RAY ABDOMEN 3 POSITION,"Foto rontgen perut 3 posisi (telentang + berdiri + miring/decubitus) — Untuk menilai sumbatan usus, air–fluid level, dan kemungkinan udara bebas (pneumoperitoneum) bila ada kecurigaan perforasi.",,1281000
X-RAY ABDOMEN AP (BNO),"Foto rontgen KUB (ginjal–ureter–kandung kemih) — Untuk membantu melihat batu saluran kemih (kalsifikasi) dan gambaran dasar area ginjal sampai kandung kemih, serta pola gas usus. Proyeksi/posisi pengambilan gambar: AP.",,376000
X-RAY ANKLE,Foto rontgen pergelangan kaki — Untuk melihat tulang pergelangan kaki dan sendi (mis. cedera atau patah tulang).,,508000
X-RAY ANKLE BILATERAL,Foto rontgen pergelangan kaki — Untuk melihat tulang pergelangan kaki dan sendi (mis. cedera atau patah tulang).,,966000
X-RAY ANTEBRACHI,Foto rontgen (X-ray) — Pemeriksaan foto rontgen untuk melihat struktur tulang dan area tubuh terkait sesuai indikasi dokter.,,610000
X-RAY ANTEBRACHI BILATERAL,Foto rontgen (X-ray) — Pemeriksaan foto rontgen untuk melihat struktur tulang dan area tubuh terkait sesuai indikasi dokter.,,966000
X-RAY ATRESIA ANI (2 POSISI),Foto rontgen (X-ray) — Pemeriksaan foto rontgen untuk melihat struktur tulang dan area tubuh terkait sesuai indikasi dokter.,,549000
X-RAY BABYGRAM,Foto rontgen (X-ray) — Pemeriksaan foto rontgen untuk melihat struktur tulang dan area tubuh terkait sesuai indikasi dokter.,,356000
X-RAY BONE AGE,Foto rontgen (X-ray) — Pemeriksaan foto rontgen untuk melihat struktur tulang dan area tubuh terkait sesuai indikasi dokter.,,448000
X-RAY BONE SURVEY,Foto rontgen (X-ray) — Pemeriksaan foto rontgen untuk melihat struktur tulang dan area tubuh terkait sesuai indikasi dokter.,,3090000
X-RAY CALCANEUS BIILATERAL,Foto rontgen (X-ray) — Pemeriksaan foto rontgen untuk melihat struktur tulang dan area tubuh terkait sesuai indikasi dokter.,,966000
X-RAY CALCANEUS UNILATERAL,Foto rontgen (X-ray) — Pemeriksaan foto rontgen untuk melihat struktur tulang dan area tubuh terkait sesuai indikasi dokter.,,672000
X-RAY CARPAL TUNNEL PROJECTION,Foto rontgen pergelangan tangan — Untuk melihat tulang pergelangan tangan dan kemungkinan retak/patah tulang.,,356000
X-RAY CERVICALIS AP + LAT + OBL,"Foto rontgen tulang belakang — Untuk menilai susunan tulang belakang (mis. kelainan bentuk, pergeseran, atau kelainan tulang). Biasanya diambil AP/PA dan lateral. Proyeksi/posisi pengambilan gambar: AP, LAT, OBL.",,1007000
X-RAY CERVICALIS AP + LATERAL,"Foto rontgen tulang belakang — Untuk menilai susunan tulang belakang (mis. kelainan bentuk, pergeseran, atau kelainan tulang). Biasanya diambil AP/PA dan lateral. Proyeksi/posisi pengambilan gambar: AP, LAT.",,711000
X-RAY CERVICALIS DYNAMIC LATERAL,"Foto rontgen tulang belakang — Untuk menilai susunan tulang belakang (mis. kelainan bentuk, pergeseran, atau kelainan tulang). Biasanya diambil AP/PA dan lateral. Proyeksi/posisi pengambilan gambar: LAT.",,711000
X-RAY CERVICALIS OPEN MOUTH,"Foto rontgen tulang belakang — Untuk menilai susunan tulang belakang (mis. kelainan bentuk, pergeseran, atau kelainan tulang). Biasanya diambil AP/PA dan lateral.",,356000
X-RAY CERVITHORACAL,"Foto rontgen tulang belakang — Untuk menilai susunan tulang belakang (mis. kelainan bentuk, pergeseran, atau kelainan tulang). Biasanya diambil AP/PA dan lateral.",,672000
X-RAY CLAVICULA,Foto rontgen (X-ray) — Pemeriksaan foto rontgen untuk melihat struktur tulang dan area tubuh terkait sesuai indikasi dokter.,,397000
X-RAY CLAVICULA BILATERAL,Foto rontgen (X-ray) — Pemeriksaan foto rontgen untuk melihat struktur tulang dan area tubuh terkait sesuai indikasi dokter.,,672000
X-RAY CRANIUM PA,Foto rontgen kepala / tengkorak — Untuk menilai struktur tulang tengkorak dan area kepala sesuai indikasi dokter. Proyeksi/posisi pengambilan gambar: PA.,,356000
X-RAY CRANIUM PA + LATERAL,"Foto rontgen kepala / tengkorak — Untuk menilai struktur tulang tengkorak dan area kepala sesuai indikasi dokter. Proyeksi/posisi pengambilan gambar: PA, LAT.",,672000
X-RAY CRURIS,Foto rontgen (X-ray) — Pemeriksaan foto rontgen untuk melihat struktur tulang dan area tubuh terkait sesuai indikasi dokter.,,590000
X-RAY CRURIS BILATERAL,Foto rontgen (X-ray) — Pemeriksaan foto rontgen untuk melihat struktur tulang dan area tubuh terkait sesuai indikasi dokter.,,1007000
X-RAY CUBITI ART.,Foto rontgen (X-ray) — Pemeriksaan foto rontgen untuk melihat struktur tulang dan area tubuh terkait sesuai indikasi dokter.,,590000
X-RAY CUBITI ART. BILATERAL,Foto rontgen (X-ray) — Pemeriksaan foto rontgen untuk melihat struktur tulang dan area tubuh terkait sesuai indikasi dokter.,,966000
X-RAY DIGITI,"Foto rontgen tangan — Untuk melihat tulang dan sendi tangan (mis. patah tulang, retak, atau pergeseran).",,590000
X-RAY DIGITI BILATERAL,"Foto rontgen tangan — Untuk melihat tulang dan sendi tangan (mis. patah tulang, retak, atau pergeseran).",,966000
X-RAY FACIAL BONE,Foto rontgen (X-ray) — Pemeriksaan foto rontgen untuk melihat struktur tulang dan area tubuh terkait sesuai indikasi dokter.,,672000
X-RAY FEMUR,Foto rontgen (X-ray) — Pemeriksaan foto rontgen untuk melihat struktur tulang dan area tubuh terkait sesuai indikasi dokter.,,590000
X-RAY FEMUR BILATERAL,Foto rontgen (X-ray) — Pemeriksaan foto rontgen untuk melihat struktur tulang dan area tubuh terkait sesuai indikasi dokter.,,1007000
X-RAY FORAMEN OPTICUM,Foto rontgen (X-ray) — Pemeriksaan foto rontgen untuk melihat struktur tulang dan area tubuh terkait sesuai indikasi dokter.,,397000
X-RAY FROG POSITION,Foto rontgen (X-ray) — Pemeriksaan foto rontgen untuk melihat struktur tulang dan area tubuh terkait sesuai indikasi dokter.,,356000
X-RAY GROIN LAT,Foto rontgen (X-ray) — Pemeriksaan foto rontgen untuk melihat struktur tulang dan area tubuh terkait sesuai indikasi dokter. Proyeksi/posisi pengambilan gambar: LAT.,,356000
X-RAY HIP JOINT,Foto rontgen panggul — Untuk menilai tulang panggul dan sendi panggul (hip). Biasanya diambil AP dan bila perlu proyeksi tambahan.,,672000
X-RAY HIP JOINT BILATERAL,Foto rontgen panggul — Untuk menilai tulang panggul dan sendi panggul (hip). Biasanya diambil AP dan bila perlu proyeksi tambahan.,,966000
X-RAY HUMERUS,Foto rontgen bahu / lengan atas — Untuk melihat kondisi tulang dan sendi bahu/lengan atas (mis. cedera atau kelainan tulang).,,610000
X-RAY HUMERUS BILATERAL,Foto rontgen bahu / lengan atas — Untuk melihat kondisi tulang dan sendi bahu/lengan atas (mis. cedera atau kelainan tulang).,,997000
X-RAY KNEE AXIAL SUNRISE,"Foto rontgen lutut — Untuk melihat tulang dan sendi lutut (mis. cedera, pergeseran, atau kelainan tulang). Proyeksi/posisi pengambilan gambar: AXIAL.",,376000
X-RAY KNEE JOINT / ARCTIC GENU,"Foto rontgen lutut — Untuk melihat tulang dan sendi lutut (mis. cedera, pergeseran, atau kelainan tulang).",,529000
X-RAY KNEE JOINT BILATERAL / ARCTIC GENU BILATERAL,"Foto rontgen lutut — Untuk melihat tulang dan sendi lutut (mis. cedera, pergeseran, atau kelainan tulang).",,834000
X-RAY KNEE UNILATERAL + SKYLINE,"Foto rontgen lutut — Untuk melihat tulang dan sendi lutut (mis. cedera, pergeseran, atau kelainan tulang).",,845000
X-RAY KNEEE BILATERAL + SKYLINE,"Foto rontgen lutut — Untuk melihat tulang dan sendi lutut (mis. cedera, pergeseran, atau kelainan tulang).",,1180000
X-RAY LONG LEG,Foto rontgen (X-ray) — Pemeriksaan foto rontgen untuk melihat struktur tulang dan area tubuh terkait sesuai indikasi dokter.,,1180000
X-RAY MANDIBULA (EISLER),Foto rontgen (X-ray) — Pemeriksaan foto rontgen untuk melihat struktur tulang dan area tubuh terkait sesuai indikasi dokter.,,427000
X-RAY MANUS,"Foto rontgen tangan — Untuk melihat tulang dan sendi tangan (mis. patah tulang, retak, atau pergeseran).",,610000
X-RAY MANUS BILATERAL,"Foto rontgen tangan — Untuk melihat tulang dan sendi tangan (mis. patah tulang, retak, atau pergeseran).",,966000
X-RAY MASTOID,Foto rontgen (X-ray) — Pemeriksaan foto rontgen untuk melihat struktur tulang dan area tubuh terkait sesuai indikasi dokter.,,672000
X-RAY MAXILLA,Foto rontgen (X-ray) — Pemeriksaan foto rontgen untuk melihat struktur tulang dan area tubuh terkait sesuai indikasi dokter.,,387000
X-RAY NASAL BONE,Foto rontgen (X-ray) — Pemeriksaan foto rontgen untuk melihat struktur tulang dan area tubuh terkait sesuai indikasi dokter.,,397000
X-RAY ORBITA,Foto rontgen (X-ray) — Pemeriksaan foto rontgen untuk melihat struktur tulang dan area tubuh terkait sesuai indikasi dokter.,,600000
X-RAY OS PETROCUM,Foto rontgen (X-ray) — Pemeriksaan foto rontgen untuk melihat struktur tulang dan area tubuh terkait sesuai indikasi dokter.,,672000
X-RAY PEDIS,"Foto rontgen kaki — Untuk melihat tulang dan sendi kaki (mis. cedera, patah tulang, atau kelainan tulang).",,590000
X-RAY PEDIS (1 POSISI),"Foto rontgen kaki — Untuk melihat tulang dan sendi kaki (mis. cedera, patah tulang, atau kelainan tulang).",,336000
X-RAY PEDIS BILATERAL,"Foto rontgen kaki — Untuk melihat tulang dan sendi kaki (mis. cedera, patah tulang, atau kelainan tulang).",,1007000
X-RAY PELVIS AP,Foto rontgen panggul — Untuk menilai tulang panggul dan sendi panggul (hip). Biasanya diambil AP dan bila perlu proyeksi tambahan. Proyeksi/posisi pengambilan gambar: AP.,,397000
X-RAY PELVIS LATERAL,Foto rontgen panggul — Untuk menilai tulang panggul dan sendi panggul (hip). Biasanya diambil AP dan bila perlu proyeksi tambahan. Proyeksi/posisi pengambilan gambar: LAT.,,540000
X-RAY PELVIS OBLIQUE,Foto rontgen panggul — Untuk menilai tulang panggul dan sendi panggul (hip). Biasanya diambil AP dan bila perlu proyeksi tambahan. Proyeksi/posisi pengambilan gambar: OBL.,,376000
X-RAY PILLAR CERVICAL POSITION,"Foto rontgen tulang belakang — Untuk menilai susunan tulang belakang (mis. kelainan bentuk, pergeseran, atau kelainan tulang). Biasanya diambil AP/PA dan lateral.",,367000
X-RAY RIBS,Foto rontgen (X-ray) — Pemeriksaan foto rontgen untuk melihat struktur tulang dan area tubuh terkait sesuai indikasi dokter.,,600000
X-RAY S.I. JOINT,Foto rontgen (X-ray) — Pemeriksaan foto rontgen untuk melihat struktur tulang dan area tubuh terkait sesuai indikasi dokter.,,672000
X-RAY SACRAL / COCCYX,Foto rontgen (X-ray) — Pemeriksaan foto rontgen untuk melihat struktur tulang dan area tubuh terkait sesuai indikasi dokter.,,672000
X-RAY SCAPULA,Foto rontgen (X-ray) — Pemeriksaan foto rontgen untuk melihat struktur tulang dan area tubuh terkait sesuai indikasi dokter.,,356000
X-RAY SCAPULA BILATERAL,Foto rontgen (X-ray) — Pemeriksaan foto rontgen untuk melihat struktur tulang dan area tubuh terkait sesuai indikasi dokter.,,895000
X-RAY SCOLIOSIS 6 POSITION,Foto rontgen (X-ray) — Pemeriksaan foto rontgen untuk melihat struktur tulang dan area tubuh terkait sesuai indikasi dokter.,,2013000
X-RAY SCOLIOSIS CONTROL,Foto rontgen (X-ray) — Pemeriksaan foto rontgen untuk melihat struktur tulang dan area tubuh terkait sesuai indikasi dokter.,,845000
X-RAY SELLA TURSICA,Foto rontgen (X-ray) — Pemeriksaan foto rontgen untuk melihat struktur tulang dan area tubuh terkait sesuai indikasi dokter.,,407000
X-RAY SHOULDER,Foto rontgen bahu / lengan atas — Untuk melihat kondisi tulang dan sendi bahu/lengan atas (mis. cedera atau kelainan tulang).,,621000
X-RAY SHOULDER (1 POSISI),Foto rontgen bahu / lengan atas — Untuk melihat kondisi tulang dan sendi bahu/lengan atas (mis. cedera atau kelainan tulang).,,376000
X-RAY SINUS PARANASALIS,Foto rontgen (X-ray) — Pemeriksaan foto rontgen untuk melihat struktur tulang dan area tubuh terkait sesuai indikasi dokter.,,672000
X-RAY STERNUM & COSTA,Foto rontgen (X-ray) — Pemeriksaan foto rontgen untuk melihat struktur tulang dan area tubuh terkait sesuai indikasi dokter.,,672000
X-RAY LUMBOSACRAL AP + LAT,"Foto rontgen (X-ray) — Pemeriksaan foto rontgen untuk melihat struktur tulang dan area tubuh terkait sesuai indikasi dokter. Proyeksi/posisi pengambilan gambar: AP, LAT.",,672000
X-RAY LUMBOSACRAL AP + LAT +OBL,"Foto rontgen (X-ray) — Pemeriksaan foto rontgen untuk melihat struktur tulang dan area tubuh terkait sesuai indikasi dokter. Proyeksi/posisi pengambilan gambar: AP, LAT, OBL.",,1007000
X-RAY THORACOLUMBALIS DYNAMIC LATERAL,Foto rontgen (X-ray) — Pemeriksaan foto rontgen untuk melihat struktur tulang dan area tubuh terkait sesuai indikasi dokter. Proyeksi/posisi pengambilan gambar: LAT.,,672000
X-RAY THORAX ABDOMEN (NICU),"Foto rontgen dada — Untuk melihat kondisi paru-paru dan jantung, serta tulang dada. Umumnya diambil dengan posisi PA/AP, kadang ditambah lateral bila diperlukan.",,336000
X-RAY THORAX LAT,"Foto rontgen dada — Untuk melihat kondisi paru-paru dan jantung, serta tulang dada. Umumnya diambil dengan posisi PA/AP, kadang ditambah lateral bila diperlukan. Proyeksi/posisi pengambilan gambar: LAT.",,457000
X-RAY THORAX PA + LAT,"Foto rontgen dada — Untuk melihat kondisi paru-paru dan jantung, serta tulang dada. Umumnya diambil dengan posisi PA/AP, kadang ditambah lateral bila diperlukan. Proyeksi/posisi pengambilan gambar: PA, LAT.",,672000
X-RAY THORAX PA + LORDOTIC POSISI,"Foto rontgen dada — Untuk melihat kondisi paru-paru dan jantung, serta tulang dada. Umumnya diambil dengan posisi PA/AP, kadang ditambah lateral bila diperlukan. Proyeksi/posisi pengambilan gambar: PA.",,672000
X-RAY TMJ,Foto rontgen (X-ray) — Pemeriksaan foto rontgen untuk melihat struktur tulang dan area tubuh terkait sesuai indikasi dokter.,,1007000
X-RAY TOP FOTO (LORDOTIC),Foto rontgen (X-ray) — Pemeriksaan foto rontgen untuk melihat struktur tulang dan area tubuh terkait sesuai indikasi dokter.,,397000
X-RAY VERT. LUMBOSACRAL DYNAMIC LATERAL / FLEXI-EXTENSI,Foto rontgen (X-ray) — Pemeriksaan foto rontgen untuk melihat struktur tulang dan area tubuh terkait sesuai indikasi dokter. Proyeksi/posisi pengambilan gambar: LAT.,,895000
X-RAY VERT. THORACOLUMBALIS AP+LAT+OBL,"Foto rontgen (X-ray) — Pemeriksaan foto rontgen untuk melihat struktur tulang dan area tubuh terkait sesuai indikasi dokter. Proyeksi/posisi pengambilan gambar: AP, LAT, OBL.",,895000
X-RAY WATERS FOTO,Foto rontgen (X-ray) — Pemeriksaan foto rontgen untuk melihat struktur tulang dan area tubuh terkait sesuai indikasi dokter.,,621000
X-RAY WHOLE SPINE / LONG VIEW SPINE,"Foto rontgen tulang belakang — Untuk menilai susunan tulang belakang (mis. kelainan bentuk, pergeseran, atau kelainan tulang). Biasanya diambil AP/PA dan lateral.",,1180000
X-RAY WRIST JOINT,Foto rontgen pergelangan tangan — Untuk melihat tulang pergelangan tangan dan kemungkinan retak/patah tulang.,,610000
X-RAY WRIST JOINT BILATERAL,Foto rontgen pergelangan tangan — Untuk melihat tulang pergelangan tangan dan kemungkinan retak/patah tulang.,,1007000
X-RAY ZYGOMATIC BONE,Foto rontgen (X-ray) — Pemeriksaan foto rontgen untuk melihat struktur tulang dan area tubuh terkait sesuai indikasi dokter.,,457000
X-RAY THORAX AP/PA,"Foto rontgen dada — Untuk melihat kondisi paru-paru dan jantung, serta tulang dada. Umumnya diambil dengan posisi PA/AP, kadang ditambah lateral bila diperlukan. Proyeksi/posisi pengambilan gambar: AP, PA.",,336000
X-RAY THORAX AP/PA (MOBILE),"Foto rontgen dada — Untuk melihat kondisi paru-paru dan jantung, serta tulang dada. Umumnya diambil dengan posisi PA/AP, kadang ditambah lateral bila diperlukan. Proyeksi/posisi pengambilan gambar: AP, PA.",,590000
CT BRONCOGRAPHY CONTRAST,CT Scan — Pemeriksaan pencitraan menggunakan sinar-X dan komputer untuk menghasilkan gambar detail organ. Terkadang memakai zat kontras untuk memperjelas pembuluh darah/organ.,,7115000
CT CARDIAC ANGIO CORONER,CT Scan — Pemeriksaan pencitraan menggunakan sinar-X dan komputer untuk menghasilkan gambar detail organ. Terkadang memakai zat kontras untuk memperjelas pembuluh darah/organ.,,5631000
CT CARDIAC ANGIO CORONER & CALCIUM SCORING,CT Scan — Pemeriksaan pencitraan menggunakan sinar-X dan komputer untuk menghasilkan gambar detail organ. Terkadang memakai zat kontras untuk memperjelas pembuluh darah/organ.,,8457000
CT CAROTID & CIRCULUS WILLISI,CT Scan — Pemeriksaan pencitraan menggunakan sinar-X dan komputer untuk menghasilkan gambar detail organ. Terkadang memakai zat kontras untuk memperjelas pembuluh darah/organ.,,7288000
CT COLONOGRAPHY CONTRAST,CT Scan — Pemeriksaan pencitraan menggunakan sinar-X dan komputer untuk menghasilkan gambar detail organ. Terkadang memakai zat kontras untuk memperjelas pembuluh darah/organ.,,7654000
CT HEAD / BRAIN CONTRAST,CT Scan — Pemeriksaan pencitraan menggunakan sinar-X dan komputer untuk menghasilkan gambar detail organ. Terkadang memakai zat kontras untuk memperjelas pembuluh darah/organ.,,4259000
CT LARYNX CONTRAST,CT Scan — Pemeriksaan pencitraan menggunakan sinar-X dan komputer untuk menghasilkan gambar detail organ. Terkadang memakai zat kontras untuk memperjelas pembuluh darah/organ.,,5489000
CT LOWER ABDOMEN CONTRAST,CT Scan — Pemeriksaan pencitraan menggunakan sinar-X dan komputer untuk menghasilkan gambar detail organ. Terkadang memakai zat kontras untuk memperjelas pembuluh darah/organ.,,5491000
CT LOWER EXTREMITY CONTRAST,CT Scan — Pemeriksaan pencitraan menggunakan sinar-X dan komputer untuk menghasilkan gambar detail organ. Terkadang memakai zat kontras untuk memperjelas pembuluh darah/organ.,,6170000
CT MASTOID CONTRAST,CT Scan — Pemeriksaan pencitraan menggunakan sinar-X dan komputer untuk menghasilkan gambar detail organ. Terkadang memakai zat kontras untuk memperjelas pembuluh darah/organ.,,4930000
CT MAXILLA / MANDIBULA CONTRAST,CT Scan — Pemeriksaan pencitraan menggunakan sinar-X dan komputer untuk menghasilkan gambar detail organ. Terkadang memakai zat kontras untuk memperjelas pembuluh darah/organ.,,4971000
CT NASOPHARYNX CONTRAST,CT Scan — Pemeriksaan pencitraan menggunakan sinar-X dan komputer untuk menghasilkan gambar detail organ. Terkadang memakai zat kontras untuk memperjelas pembuluh darah/organ.,,4869000
CT NECK CONTRAST,CT Scan — Pemeriksaan pencitraan menggunakan sinar-X dan komputer untuk menghasilkan gambar detail organ. Terkadang memakai zat kontras untuk memperjelas pembuluh darah/organ.,,5489000
CT ORBITA CONTRAST,CT Scan — Pemeriksaan pencitraan menggunakan sinar-X dan komputer untuk menghasilkan gambar detail organ. Terkadang memakai zat kontras untuk memperjelas pembuluh darah/organ.,,4758000
CT PELVIS CONTRAST,CT Scan — Pemeriksaan pencitraan menggunakan sinar-X dan komputer untuk menghasilkan gambar detail organ. Terkadang memakai zat kontras untuk memperjelas pembuluh darah/organ.,,4864000
CT SINUS PARANASAL CONTRAST,CT Scan — Pemeriksaan pencitraan menggunakan sinar-X dan komputer untuk menghasilkan gambar detail organ. Terkadang memakai zat kontras untuk memperjelas pembuluh darah/organ.,,4453000
CT SMALL JOINT CONTRAST,CT Scan — Pemeriksaan pencitraan menggunakan sinar-X dan komputer untuk menghasilkan gambar detail organ. Terkadang memakai zat kontras untuk memperjelas pembuluh darah/organ.,,5489000
CT SPINE CERVICAL CONTRAST,CT Scan — Pemeriksaan pencitraan menggunakan sinar-X dan komputer untuk menghasilkan gambar detail organ. Terkadang memakai zat kontras untuk memperjelas pembuluh darah/organ.,,5754000
CT SPINE MYELOGRAPHY CONTRAST,CT Scan — Pemeriksaan pencitraan menggunakan sinar-X dan komputer untuk menghasilkan gambar detail organ. Terkadang memakai zat kontras untuk memperjelas pembuluh darah/organ.,,7461000
CT SPINE THORACAL CONTRAST,CT Scan — Pemeriksaan pencitraan menggunakan sinar-X dan komputer untuk menghasilkan gambar detail organ. Terkadang memakai zat kontras untuk memperjelas pembuluh darah/organ.,,6892000
CT THORAX + ABDOMEN CONTRAST,CT Scan — Pemeriksaan pencitraan menggunakan sinar-X dan komputer untuk menghasilkan gambar detail organ. Terkadang memakai zat kontras untuk memperjelas pembuluh darah/organ.,,7826000
CT THORAX + ABDOMEN NON CONTRAST,CT Scan — Pemeriksaan pencitraan menggunakan sinar-X dan komputer untuk menghasilkan gambar detail organ. Terkadang memakai zat kontras untuk memperjelas pembuluh darah/organ.,,6271000
CT THORAX CONTRAST,CT Scan — Pemeriksaan pencitraan menggunakan sinar-X dan komputer untuk menghasilkan gambar detail organ. Terkadang memakai zat kontras untuk memperjelas pembuluh darah/organ.,,6080000
CT TOTAL BODY CONTRAST,CT Scan — Pemeriksaan pencitraan menggunakan sinar-X dan komputer untuk menghasilkan gambar detail organ. Terkadang memakai zat kontras untuk memperjelas pembuluh darah/organ.,,17574000
CT UPPER ABDOMEN CONTRAST,CT Scan — Pemeriksaan pencitraan menggunakan sinar-X dan komputer untuk menghasilkan gambar detail organ. Terkadang memakai zat kontras untuk memperjelas pembuluh darah/organ.,,5363000
CT UPPER EXTREMITY CONTRAST,CT Scan — Pemeriksaan pencitraan menggunakan sinar-X dan komputer untuk menghasilkan gambar detail organ. Terkadang memakai zat kontras untuk memperjelas pembuluh darah/organ.,,5489000
CT UROGRAPHY CONTRAST,"IVP/IVU (rontgen ginjal & saluran kemih dengan kontras dari pembuluh darah) — Pemeriksaan rontgen ginjal, ureter, dan kandung kemih menggunakan zat kontras yang disuntikkan melalui pembuluh darah untuk menilai fungsi dan bentuk saluran kemih.",,6947000
CT VERT LUMBOSACRAL CONTRAST,CT Scan — Pemeriksaan pencitraan menggunakan sinar-X dan komputer untuk menghasilkan gambar detail organ. Terkadang memakai zat kontras untuk memperjelas pembuluh darah/organ.,,5346000
CT WHOLE ABDOMEN CONTRAST,CT Scan — Pemeriksaan pencitraan menggunakan sinar-X dan komputer untuk menghasilkan gambar detail organ. Terkadang memakai zat kontras untuk memperjelas pembuluh darah/organ.,,5479000
CTA (ANGIO) ABDOMINAL AORTA,,,6617000
CTA INTRACRANIAL,,,7166000
CTA (ANGIO) LOWER EXTREMITIES,,,6791000
CTA MESENTERIC ARTERY,,,6505000
CTA (ANGIO) NECK / CAROTID,,,6038000
CTA (ANGIO) RENALIS ARTERY,,,6322000
CTA (ANGIO) THORACAL AORTA,,,6994000
CTA (ANGIO) THORACO ABDOMINAL AORTA,,,7634000
CTA (ANGIO) UPPER EXTREMITIES,,,6810000
CT BRAIN + CERVICAL CONTRAST,CT Scan — Pemeriksaan pencitraan menggunakan sinar-X dan komputer untuk menghasilkan gambar detail organ. Terkadang memakai zat kontras untuk memperjelas pembuluh darah/organ.,,8904000
CT BRAIN + CERVICAL NON CONTRAST,CT Scan — Pemeriksaan pencitraan menggunakan sinar-X dan komputer untuk menghasilkan gambar detail organ. Terkadang memakai zat kontras untuk memperjelas pembuluh darah/organ.,,5763000
CT HEAD / BRAIN NON CONTRAST,CT Scan — Pemeriksaan pencitraan menggunakan sinar-X dan komputer untuk menghasilkan gambar detail organ. Terkadang memakai zat kontras untuk memperjelas pembuluh darah/organ.,,2928000
CT LARYNX NON CONTRAST,CT Scan — Pemeriksaan pencitraan menggunakan sinar-X dan komputer untuk menghasilkan gambar detail organ. Terkadang memakai zat kontras untuk memperjelas pembuluh darah/organ.,,3659000
CT LOWER ABD NON CONTRAST,CT Scan — Pemeriksaan pencitraan menggunakan sinar-X dan komputer untuk menghasilkan gambar detail organ. Terkadang memakai zat kontras untuk memperjelas pembuluh darah/organ.,,3659000
CT LOWER EXTREMITIES NON CONTRAST,CT Scan — Pemeriksaan pencitraan menggunakan sinar-X dan komputer untuk menghasilkan gambar detail organ. Terkadang memakai zat kontras untuk memperjelas pembuluh darah/organ.,,3710000
CT MASTOID NON CONTRAST,CT Scan — Pemeriksaan pencitraan menggunakan sinar-X dan komputer untuk menghasilkan gambar detail organ. Terkadang memakai zat kontras untuk memperjelas pembuluh darah/organ.,,3314000
CT MAXILLA / MANDIBULA NON CONTRAST,CT Scan — Pemeriksaan pencitraan menggunakan sinar-X dan komputer untuk menghasilkan gambar detail organ. Terkadang memakai zat kontras untuk memperjelas pembuluh darah/organ.,,3111000
CT NASOPHARYNX NON CONTRAST,CT Scan — Pemeriksaan pencitraan menggunakan sinar-X dan komputer untuk menghasilkan gambar detail organ. Terkadang memakai zat kontras untuk memperjelas pembuluh darah/organ.,,3111000
CT NECK NON CONTRAST,CT Scan — Pemeriksaan pencitraan menggunakan sinar-X dan komputer untuk menghasilkan gambar detail organ. Terkadang memakai zat kontras untuk memperjelas pembuluh darah/organ.,,3659000
CT ORBITA NON CONTRAST,CT Scan — Pemeriksaan pencitraan menggunakan sinar-X dan komputer untuk menghasilkan gambar detail organ. Terkadang memakai zat kontras untuk memperjelas pembuluh darah/organ.,,3162000
CT PELVIS NON CONTRAST,CT Scan — Pemeriksaan pencitraan menggunakan sinar-X dan komputer untuk menghasilkan gambar detail organ. Terkadang memakai zat kontras untuk memperjelas pembuluh darah/organ.,,3659000
CT SINUS PARANASAL NON CONTRAST,CT Scan — Pemeriksaan pencitraan menggunakan sinar-X dan komputer untuk menghasilkan gambar detail organ. Terkadang memakai zat kontras untuk memperjelas pembuluh darah/organ.,,3040000
CT SMALL JOINT NON CONTRAST,CT Scan — Pemeriksaan pencitraan menggunakan sinar-X dan komputer untuk menghasilkan gambar detail organ. Terkadang memakai zat kontras untuk memperjelas pembuluh darah/organ.,,3659000
CT THORAX NON CONTRAST,CT Scan — Pemeriksaan pencitraan menggunakan sinar-X dan komputer untuk menghasilkan gambar detail organ. Terkadang memakai zat kontras untuk memperjelas pembuluh darah/organ.,,3659000
CT TRANSTHORACAL BIOPSY (TTB) NON CONTRAST,CT Scan — Pemeriksaan pencitraan menggunakan sinar-X dan komputer untuk menghasilkan gambar detail organ. Terkadang memakai zat kontras untuk memperjelas pembuluh darah/organ.,,6373000
CT UPPER ABDOMEN NON CONTRAST,CT Scan — Pemeriksaan pencitraan menggunakan sinar-X dan komputer untuk menghasilkan gambar detail organ. Terkadang memakai zat kontras untuk memperjelas pembuluh darah/organ.,,3659000
CT UPPER EXTREMITIES NON CONTRAST,CT Scan — Pemeriksaan pencitraan menggunakan sinar-X dan komputer untuk menghasilkan gambar detail organ. Terkadang memakai zat kontras untuk memperjelas pembuluh darah/organ.,,3659000
CT UROGRAPHY NON CONTRAST,"IVP/IVU (rontgen ginjal & saluran kemih dengan kontras dari pembuluh darah) — Pemeriksaan rontgen ginjal, ureter, dan kandung kemih menggunakan zat kontras yang disuntikkan melalui pembuluh darah untuk menilai fungsi dan bentuk saluran kemih.",,4493000
CT VERT CERVICAL NON CONTRAST,CT Scan — Pemeriksaan pencitraan menggunakan sinar-X dan komputer untuk menghasilkan gambar detail organ. Terkadang memakai zat kontras untuk memperjelas pembuluh darah/organ.,,4950000
CT VERT LUMBOSACRAL NON CONTRAST,CT Scan — Pemeriksaan pencitraan menggunakan sinar-X dan komputer untuk menghasilkan gambar detail organ. Terkadang memakai zat kontras untuk memperjelas pembuluh darah/organ.,,4942000
CT VERT THORACAL LUMBOSACRAL NON CONTRAST,CT Scan — Pemeriksaan pencitraan menggunakan sinar-X dan komputer untuk menghasilkan gambar detail organ. Terkadang memakai zat kontras untuk memperjelas pembuluh darah/organ.,,5898000
CT VERT THORACAL NON CONTRAST,CT Scan — Pemeriksaan pencitraan menggunakan sinar-X dan komputer untuk menghasilkan gambar detail organ. Terkadang memakai zat kontras untuk memperjelas pembuluh darah/organ.,,4564000
CT VERT THORACOLUMBAL NON CONTRAST,CT Scan — Pemeriksaan pencitraan menggunakan sinar-X dan komputer untuk menghasilkan gambar detail organ. Terkadang memakai zat kontras untuk memperjelas pembuluh darah/organ.,,5804000
CT WHOLE ABDOMEN NON CONTRAST,CT Scan — Pemeriksaan pencitraan menggunakan sinar-X dan komputer untuk menghasilkan gambar detail organ. Terkadang memakai zat kontras untuk memperjelas pembuluh darah/organ.,,4391000
CT WHOLE BODY NON CONTRAST,CT Scan — Pemeriksaan pencitraan menggunakan sinar-X dan komputer untuk menghasilkan gambar detail organ. Terkadang memakai zat kontras untuk memperjelas pembuluh darah/organ.,,17574000
CT (3D) FACE BONE,CT Scan — Pemeriksaan pencitraan menggunakan sinar-X dan komputer untuk menghasilkan gambar detail organ. Terkadang memakai zat kontras untuk memperjelas pembuluh darah/organ.,,3557000
CT (3D) HEAD,CT Scan — Pemeriksaan pencitraan menggunakan sinar-X dan komputer untuk menghasilkan gambar detail organ. Terkadang memakai zat kontras untuk memperjelas pembuluh darah/organ.,,3557000
CT (3D) LOWER EXTREMITIES,CT Scan — Pemeriksaan pencitraan menggunakan sinar-X dan komputer untuk menghasilkan gambar detail organ. Terkadang memakai zat kontras untuk memperjelas pembuluh darah/organ.,,3375000
CT (3D) MAXILLA / MANDIBULLA,CT Scan — Pemeriksaan pencitraan menggunakan sinar-X dan komputer untuk menghasilkan gambar detail organ. Terkadang memakai zat kontras untuk memperjelas pembuluh darah/organ.,,3557000
CT (3D) PELVIS,CT Scan — Pemeriksaan pencitraan menggunakan sinar-X dan komputer untuk menghasilkan gambar detail organ. Terkadang memakai zat kontras untuk memperjelas pembuluh darah/organ.,,3924000
CT (3D) SPINE CERVICAL,CT Scan — Pemeriksaan pencitraan menggunakan sinar-X dan komputer untuk menghasilkan gambar detail organ. Terkadang memakai zat kontras untuk memperjelas pembuluh darah/organ.,,3741000
CT (3D) SPINE LUMBAL,CT Scan — Pemeriksaan pencitraan menggunakan sinar-X dan komputer untuk menghasilkan gambar detail organ. Terkadang memakai zat kontras untuk memperjelas pembuluh darah/organ.,,3741000
CT (3D) SPINE THORACAL,CT Scan — Pemeriksaan pencitraan menggunakan sinar-X dan komputer untuk menghasilkan gambar detail organ. Terkadang memakai zat kontras untuk memperjelas pembuluh darah/organ.,,3741000
CT (3D) THORAX,CT Scan — Pemeriksaan pencitraan menggunakan sinar-X dan komputer untuk menghasilkan gambar detail organ. Terkadang memakai zat kontras untuk memperjelas pembuluh darah/organ.,,3741000
CT CALCIUM SCORING / CA SCORE,CT Scan — Pemeriksaan pencitraan menggunakan sinar-X dan komputer untuk menghasilkan gambar detail organ. Terkadang memakai zat kontras untuk memperjelas pembuluh darah/organ.,,2155000
X-RAY DUCTULOGRAPHY,Foto rontgen (X-ray) — Pemeriksaan foto rontgen untuk melihat struktur tulang dan area tubuh terkait sesuai indikasi dokter.,,2369000
X-RAY MAMMOGRAPHY,Foto rontgen (X-ray) — Pemeriksaan foto rontgen untuk melihat struktur tulang dan area tubuh terkait sesuai indikasi dokter.,,976000
PACKAGE FILM MAMMOGRAPHY,Mammografi (rontgen payudara dosis rendah) — Pemeriksaan payudara menggunakan rontgen dosis rendah untuk skrining atau evaluasi keluhan payudara (mis. benjolan/nyeri).,,71000
1.5T MRA CAROTIS CIRCULUS WILLISI CONTRAST,,,7146000
1.5T MRA CAROTIS CONTRAST,,,5113000
1.5T MRA LUMBAL CONTRAST,,,5113000
1.5T MRI NASOPHARYNX CONTRAST,MRI — Pemeriksaan pencitraan menggunakan medan magnet untuk melihat organ dan jaringan lunak secara detail. Kadang memakai kontras (gadolinium) sesuai kebutuhan.,,5479000
1.5T MRA ABDOMINAL CONTRAST,,,5357000
1.5T MRA CERVICAL CONTRAST,,,5113000
1.5T MRA HEAD CONTRAST,,,5113000
1.5T MRA LOWER EXTREMITIES CONTRAST,,,5113000
1.5T MRA SPINAL CONTRAST,,,4767000
1.5T MRA THORACAL CONTRAST,,,5113000
1.5T MRA THORACO ABDOMINAL CONTRAST,,,7146000
1.5T MRA UPPER EXT. CONTRAST,,,5113000
1.5T MRI + MRA HEAD CONTRAST,MRI — Pemeriksaan pencitraan menggunakan medan magnet untuk melihat organ dan jaringan lunak secara detail. Kadang memakai kontras (gadolinium) sesuai kebutuhan.,,8518000
1.5T MRI ANKLE CONTRAST (1 SIDE),MRI — Pemeriksaan pencitraan menggunakan medan magnet untuk melihat organ dan jaringan lunak secara detail. Kadang memakai kontras (gadolinium) sesuai kebutuhan.,,5479000
1.5T MRI ANTEBRACHII CONTRAST (1 SIDE),MRI — Pemeriksaan pencitraan menggunakan medan magnet untuk melihat organ dan jaringan lunak secara detail. Kadang memakai kontras (gadolinium) sesuai kebutuhan.,,5113000
1.5T MRI BREAST CONTRAST,MRI — Pemeriksaan pencitraan menggunakan medan magnet untuk melihat organ dan jaringan lunak secara detail. Kadang memakai kontras (gadolinium) sesuai kebutuhan.,,4980000
1.5T MRI CERVICAL CONTRAST,MRI — Pemeriksaan pencitraan menggunakan medan magnet untuk melihat organ dan jaringan lunak secara detail. Kadang memakai kontras (gadolinium) sesuai kebutuhan.,,5479000
1.5T MRI ELBOW  CONTRAST (1 SIDE),MRI — Pemeriksaan pencitraan menggunakan medan magnet untuk melihat organ dan jaringan lunak secara detail. Kadang memakai kontras (gadolinium) sesuai kebutuhan.,,5479000
1.5T MRI FEMUR CONTRAST (1 SIDE),MRI — Pemeriksaan pencitraan menggunakan medan magnet untuk melihat organ dan jaringan lunak secara detail. Kadang memakai kontras (gadolinium) sesuai kebutuhan.,,5479000
1.5T MRI HEAD CONTRAST,MRI — Pemeriksaan pencitraan menggunakan medan magnet untuk melihat organ dan jaringan lunak secara detail. Kadang memakai kontras (gadolinium) sesuai kebutuhan.,,5479000
1.5T MRI HEAD NAVIGASI CONTRAST,MRI — Pemeriksaan pencitraan menggunakan medan magnet untuk melihat organ dan jaringan lunak secara detail. Kadang memakai kontras (gadolinium) sesuai kebutuhan.,,5317000
1.5T MRI HEAD PERFUSION CONTRAST,MRI — Pemeriksaan pencitraan menggunakan medan magnet untuk melihat organ dan jaringan lunak secara detail. Kadang memakai kontras (gadolinium) sesuai kebutuhan.,,7156000
1.5T MRI HIP CONTRAST (1 SIDE),MRI — Pemeriksaan pencitraan menggunakan medan magnet untuk melihat organ dan jaringan lunak secara detail. Kadang memakai kontras (gadolinium) sesuai kebutuhan.,,5692000
1.5T MRI HUMERUS CONTRAST (1 SIDE),MRI — Pemeriksaan pencitraan menggunakan medan magnet untuk melihat organ dan jaringan lunak secara detail. Kadang memakai kontras (gadolinium) sesuai kebutuhan.,,5113000
1.5T MRI KNEE CONTRAST (1 SIDE),MRI — Pemeriksaan pencitraan menggunakan medan magnet untuk melihat organ dan jaringan lunak secara detail. Kadang memakai kontras (gadolinium) sesuai kebutuhan.,,5479000
1.5T MRI LIVER CONTRAST,MRI — Pemeriksaan pencitraan menggunakan medan magnet untuk melihat organ dan jaringan lunak secara detail. Kadang memakai kontras (gadolinium) sesuai kebutuhan.,,6089000
1.5T MRI LOWER ABDOMEN / GYNAECOLOGY CONTRAST,MRI — Pemeriksaan pencitraan menggunakan medan magnet untuk melihat organ dan jaringan lunak secara detail. Kadang memakai kontras (gadolinium) sesuai kebutuhan.,,5692000
1.5T MRI LUMBAL CONTRAST,MRI — Pemeriksaan pencitraan menggunakan medan magnet untuk melihat organ dan jaringan lunak secara detail. Kadang memakai kontras (gadolinium) sesuai kebutuhan.,,5479000
1.5T MRI MOUTH CONTRAST,MRI — Pemeriksaan pencitraan menggunakan medan magnet untuk melihat organ dan jaringan lunak secara detail. Kadang memakai kontras (gadolinium) sesuai kebutuhan.,,5601000
1.5T MRI MRCP CONTRAST,MRI — Pemeriksaan pencitraan menggunakan medan magnet untuk melihat organ dan jaringan lunak secara detail. Kadang memakai kontras (gadolinium) sesuai kebutuhan.,,5692000
1.5T MRI MUSC TMJ CONTRAST,MRI — Pemeriksaan pencitraan menggunakan medan magnet untuk melihat organ dan jaringan lunak secara detail. Kadang memakai kontras (gadolinium) sesuai kebutuhan.,,5113000
1.5T MRI NECK / LARYNX CONTRAST,MRI — Pemeriksaan pencitraan menggunakan medan magnet untuk melihat organ dan jaringan lunak secara detail. Kadang memakai kontras (gadolinium) sesuai kebutuhan.,,5479000
1.5T MRI ORBITA CONTRAST,MRI — Pemeriksaan pencitraan menggunakan medan magnet untuk melihat organ dan jaringan lunak secara detail. Kadang memakai kontras (gadolinium) sesuai kebutuhan.,,5113000
1.5T MRI PLEXUS LUMBALIS CONTRAST,MRI — Pemeriksaan pencitraan menggunakan medan magnet untuk melihat organ dan jaringan lunak secara detail. Kadang memakai kontras (gadolinium) sesuai kebutuhan.,,5113000
1.5T MRI SHOULDER CONTRAST (1 SIDE),MRI — Pemeriksaan pencitraan menggunakan medan magnet untuk melihat organ dan jaringan lunak secara detail. Kadang memakai kontras (gadolinium) sesuai kebutuhan.,,5479000
1.5T MRI SINUS PARANASALIS CONTRAST,MRI — Pemeriksaan pencitraan menggunakan medan magnet untuk melihat organ dan jaringan lunak secara detail. Kadang memakai kontras (gadolinium) sesuai kebutuhan.,,5313000
1.5T MRI SPECTROSCOPY CONTRAST,MRI — Pemeriksaan pencitraan menggunakan medan magnet untuk melihat organ dan jaringan lunak secara detail. Kadang memakai kontras (gadolinium) sesuai kebutuhan.,,7146000
1.5T MRI SPINE SACRAL / COXYGEAL CONTRAST,MRI — Pemeriksaan pencitraan menggunakan medan magnet untuk melihat organ dan jaringan lunak secara detail. Kadang memakai kontras (gadolinium) sesuai kebutuhan.,,5113000
1.5T MRI THORACIC CONTRAST,MRI — Pemeriksaan pencitraan menggunakan medan magnet untuk melihat organ dan jaringan lunak secara detail. Kadang memakai kontras (gadolinium) sesuai kebutuhan.,,5113000
1.5T MRI THORAX MEDIASTINUM / LUNG CONTRAST,MRI — Pemeriksaan pencitraan menggunakan medan magnet untuk melihat organ dan jaringan lunak secara detail. Kadang memakai kontras (gadolinium) sesuai kebutuhan.,,5479000
1.5T MRI UPPER ABDOMEN CONTRAST,MRI — Pemeriksaan pencitraan menggunakan medan magnet untuk melihat organ dan jaringan lunak secara detail. Kadang memakai kontras (gadolinium) sesuai kebutuhan.,,5692000
1.5T MRI UROGRAPHY CONTRAST,"IVP/IVU (rontgen ginjal & saluran kemih dengan kontras dari pembuluh darah) — Pemeriksaan rontgen ginjal, ureter, dan kandung kemih menggunakan zat kontras yang disuntikkan melalui pembuluh darah untuk menilai fungsi dan bentuk saluran kemih.",,5692000
1.5T MRI WHOLE BODY CONTRAST,MRI — Pemeriksaan pencitraan menggunakan medan magnet untuk melihat organ dan jaringan lunak secara detail. Kadang memakai kontras (gadolinium) sesuai kebutuhan.,,14809000
1.5T MRI WHOLE SPINE CONTRAST,MRI — Pemeriksaan pencitraan menggunakan medan magnet untuk melihat organ dan jaringan lunak secara detail. Kadang memakai kontras (gadolinium) sesuai kebutuhan.,,9992000
1.5T MRI WRIST CONTRAST (1 SIDE),MRI — Pemeriksaan pencitraan menggunakan medan magnet untuk melihat organ dan jaringan lunak secara detail. Kadang memakai kontras (gadolinium) sesuai kebutuhan.,,5479000
1.5T MRI-MRA BRAIN  CONTRAST +MRS,,,9992000
MRI MASTOID CNTRS,MRI — Pemeriksaan pencitraan menggunakan medan magnet untuk melihat organ dan jaringan lunak secara detail. Kadang memakai kontras (gadolinium) sesuai kebutuhan.,,5418000
MRI PELVIC CNTRS,MRI — Pemeriksaan pencitraan menggunakan medan magnet untuk melihat organ dan jaringan lunak secara detail. Kadang memakai kontras (gadolinium) sesuai kebutuhan.,,5692000
MRI ABDOMEN + PELVIS CNTRS,MRI — Pemeriksaan pencitraan menggunakan medan magnet untuk melihat organ dan jaringan lunak secara detail. Kadang memakai kontras (gadolinium) sesuai kebutuhan.,,10316000
MRI UPPER ABDOMEN WITH PMV,MRI — Pemeriksaan pencitraan menggunakan medan magnet untuk melihat organ dan jaringan lunak secara detail. Kadang memakai kontras (gadolinium) sesuai kebutuhan.,,13132000
MRI MUSC EXT CNTRS,MRI — Pemeriksaan pencitraan menggunakan medan magnet untuk melihat organ dan jaringan lunak secara detail. Kadang memakai kontras (gadolinium) sesuai kebutuhan.,,5479000
MRI MUSC HIP JOINT CNTRS BILATERAL,MRI — Pemeriksaan pencitraan menggunakan medan magnet untuk melihat organ dan jaringan lunak secara detail. Kadang memakai kontras (gadolinium) sesuai kebutuhan.,,8976000
MRI PELVIC NON-CNTRS,MRI — Pemeriksaan pencitraan menggunakan medan magnet untuk melihat organ dan jaringan lunak secara detail. Kadang memakai kontras (gadolinium) sesuai kebutuhan.,,4737000
MRI ABD + PELVIS NON-CNTRS,MRI — Pemeriksaan pencitraan menggunakan medan magnet untuk melihat organ dan jaringan lunak secara detail. Kadang memakai kontras (gadolinium) sesuai kebutuhan.,,8447000
MRI MUSC WRIST JOINT/FING NON-CNTRS,MRI — Pemeriksaan pencitraan menggunakan medan magnet untuk melihat organ dan jaringan lunak secara detail. Kadang memakai kontras (gadolinium) sesuai kebutuhan.,,4259000
MRI MUSC EXTREMITY NON-CNTRS,MRI — Pemeriksaan pencitraan menggunakan medan magnet untuk melihat organ dan jaringan lunak secara detail. Kadang memakai kontras (gadolinium) sesuai kebutuhan.,,4259000
MRI MUSC KNEE JOINT NON-CNTRS BILATERAL,MRI — Pemeriksaan pencitraan menggunakan medan magnet untuk melihat organ dan jaringan lunak secara detail. Kadang memakai kontras (gadolinium) sesuai kebutuhan.,,6851000
MRI MUSC ANKLE NON-CNTRS BILATERAL,MRI — Pemeriksaan pencitraan menggunakan medan magnet untuk melihat organ dan jaringan lunak secara detail. Kadang memakai kontras (gadolinium) sesuai kebutuhan.,,6994000
MRI MUSC SHOULDER NON-CNTRS BILATERAL,MRI — Pemeriksaan pencitraan menggunakan medan magnet untuk melihat organ dan jaringan lunak secara detail. Kadang memakai kontras (gadolinium) sesuai kebutuhan.,,6851000
MRI NAVIGASI NON-CNTRS,MRI — Pemeriksaan pencitraan menggunakan medan magnet untuk melihat organ dan jaringan lunak secara detail. Kadang memakai kontras (gadolinium) sesuai kebutuhan.,,4218000
MRI MUSC HIP JOINT NON-CNTRS BILATERAL,MRI — Pemeriksaan pencitraan menggunakan medan magnet untuk melihat organ dan jaringan lunak secara detail. Kadang memakai kontras (gadolinium) sesuai kebutuhan.,,6943000
1.5T MRI ANKLE NON CONTRAST (1 SIDE),MRI — Pemeriksaan pencitraan menggunakan medan magnet untuk melihat organ dan jaringan lunak secara detail. Kadang memakai kontras (gadolinium) sesuai kebutuhan.,,4259000
1.5T MRI ANTEBRACHII NON CONTRAST (1 SIDE),MRI — Pemeriksaan pencitraan menggunakan medan magnet untuk melihat organ dan jaringan lunak secara detail. Kadang memakai kontras (gadolinium) sesuai kebutuhan.,,4259000
1.5T MRI BREAST NON CONTRAST,MRI — Pemeriksaan pencitraan menggunakan medan magnet untuk melihat organ dan jaringan lunak secara detail. Kadang memakai kontras (gadolinium) sesuai kebutuhan.,,4056000
1.5T MRI CERVICAL NON CONTRAST,MRI — Pemeriksaan pencitraan menggunakan medan magnet untuk melihat organ dan jaringan lunak secara detail. Kadang memakai kontras (gadolinium) sesuai kebutuhan.,,4259000
1.5T MRI ELBOW NON CONTRAST (1 SIIDE),MRI — Pemeriksaan pencitraan menggunakan medan magnet untuk melihat organ dan jaringan lunak secara detail. Kadang memakai kontras (gadolinium) sesuai kebutuhan.,,4259000
1.5T MRI FEMUR NON CONTRAST (1 SIDE),MRI — Pemeriksaan pencitraan menggunakan medan magnet untuk melihat organ dan jaringan lunak secara detail. Kadang memakai kontras (gadolinium) sesuai kebutuhan.,,4259000
MRI HEAD MASTOID NON CONTRAST,MRI — Pemeriksaan pencitraan menggunakan medan magnet untuk melihat organ dan jaringan lunak secara detail. Kadang memakai kontras (gadolinium) sesuai kebutuhan.,,4259000
1.5T MRI HEAD NON CONTRAST,MRI — Pemeriksaan pencitraan menggunakan medan magnet untuk melihat organ dan jaringan lunak secara detail. Kadang memakai kontras (gadolinium) sesuai kebutuhan.,,4259000
1.5T MRI HIP NON CONTRAST (1 SIDE),MRI — Pemeriksaan pencitraan menggunakan medan magnet untuk melihat organ dan jaringan lunak secara detail. Kadang memakai kontras (gadolinium) sesuai kebutuhan.,,4737000
1.5T MRI KNEE NON CONTRAST (1 SIDE),MRI — Pemeriksaan pencitraan menggunakan medan magnet untuk melihat organ dan jaringan lunak secara detail. Kadang memakai kontras (gadolinium) sesuai kebutuhan.,,4259000
1.5T MRA LUMBAL NON CONTRAST,,,4259000
1.5T MRI MANUS NON CONTRAST (1 SIDE),MRI — Pemeriksaan pencitraan menggunakan medan magnet untuk melihat organ dan jaringan lunak secara detail. Kadang memakai kontras (gadolinium) sesuai kebutuhan.,,4259000
1.5T MRI MOUTH NON CONTRAST,MRI — Pemeriksaan pencitraan menggunakan medan magnet untuk melihat organ dan jaringan lunak secara detail. Kadang memakai kontras (gadolinium) sesuai kebutuhan.,,5479000
1.5T MRI MRCP NON CONTRAST,MRI — Pemeriksaan pencitraan menggunakan medan magnet untuk melihat organ dan jaringan lunak secara detail. Kadang memakai kontras (gadolinium) sesuai kebutuhan.,,4737000
1.5T MRI MUSC TMJ NON CONTRAST,MRI — Pemeriksaan pencitraan menggunakan medan magnet untuk melihat organ dan jaringan lunak secara detail. Kadang memakai kontras (gadolinium) sesuai kebutuhan.,,4178000
1.5T MRI NASOPHARYNX NON CONTRAST,MRI — Pemeriksaan pencitraan menggunakan medan magnet untuk melihat organ dan jaringan lunak secara detail. Kadang memakai kontras (gadolinium) sesuai kebutuhan.,,4259000
1.5T MRI NECK / LARYNX NON CONTRAST,MRI — Pemeriksaan pencitraan menggunakan medan magnet untuk melihat organ dan jaringan lunak secara detail. Kadang memakai kontras (gadolinium) sesuai kebutuhan.,,4259000
1.5T MRI ORBITA NON CONTRAST,MRI — Pemeriksaan pencitraan menggunakan medan magnet untuk melihat organ dan jaringan lunak secara detail. Kadang memakai kontras (gadolinium) sesuai kebutuhan.,,4259000
1.5T MRI PLEXUS LUMBALIS NON CONTRAST,MRI — Pemeriksaan pencitraan menggunakan medan magnet untuk melihat organ dan jaringan lunak secara detail. Kadang memakai kontras (gadolinium) sesuai kebutuhan.,,4259000
1.5T MRI SHOULDER NON CONTRAST (1 SIDE),MRI — Pemeriksaan pencitraan menggunakan medan magnet untuk melihat organ dan jaringan lunak secara detail. Kadang memakai kontras (gadolinium) sesuai kebutuhan.,,4259000
1.5T MRI SINUS PARANASALIS NON CONTRAST,MRI — Pemeriksaan pencitraan menggunakan medan magnet untuk melihat organ dan jaringan lunak secara detail. Kadang memakai kontras (gadolinium) sesuai kebutuhan.,,4259000
1.5T MRI SPECTROSCOPY NON CONTRAST,MRI — Pemeriksaan pencitraan menggunakan medan magnet untuk melihat organ dan jaringan lunak secara detail. Kadang memakai kontras (gadolinium) sesuai kebutuhan.,,5957000
1.5T MRI SPINE SACRAL / COXYGEAL NON CONTRAST,MRI — Pemeriksaan pencitraan menggunakan medan magnet untuk melihat organ dan jaringan lunak secara detail. Kadang memakai kontras (gadolinium) sesuai kebutuhan.,,4259000
1.5T MRI THORACIC NON CONTRAST,MRI — Pemeriksaan pencitraan menggunakan medan magnet untuk melihat organ dan jaringan lunak secara detail. Kadang memakai kontras (gadolinium) sesuai kebutuhan.,,4259000
1.5T MRI THORAX MEDIASTINUM / LUNG NON CONTRAST,MRI — Pemeriksaan pencitraan menggunakan medan magnet untuk melihat organ dan jaringan lunak secara detail. Kadang memakai kontras (gadolinium) sesuai kebutuhan.,,4259000
1.5T MRI UPPER ABDOMEN NON CONTRAST,MRI — Pemeriksaan pencitraan menggunakan medan magnet untuk melihat organ dan jaringan lunak secara detail. Kadang memakai kontras (gadolinium) sesuai kebutuhan.,,4737000
1.5T MRI UROGRAPHY NON CONTRAST,"IVP/IVU (rontgen ginjal & saluran kemih dengan kontras dari pembuluh darah) — Pemeriksaan rontgen ginjal, ureter, dan kandung kemih menggunakan zat kontras yang disuntikkan melalui pembuluh darah untuk menilai fungsi dan bentuk saluran kemih.",,4737000
1.5T MRI WHOLE BODY NON CONTRAST,MRI — Pemeriksaan pencitraan menggunakan medan magnet untuk melihat organ dan jaringan lunak secara detail. Kadang memakai kontras (gadolinium) sesuai kebutuhan.,,11943000
1.5T MRA ABDOMINAL NON CONTRAST,,,4737000
1.5T MRA CAROTIS NON CONTRAST,,,4259000
1.5T MRA CERVICAL NON CONTRAST,,,5479000
1.5T MRA HEAD NON CONTRAST,,,4259000
1.5T MRA LOWER EXTREMITY NON CONTRAST,,,4259000
1.5T MRA THORACAL NON CONTRAST,,,4259000
1.5T MRA UPPER EXTREMITY NON CONTRAST,,,4259000
1.5T MRI + MRA HEAD NON CONTRAST,MRI — Pemeriksaan pencitraan menggunakan medan magnet untuk melihat organ dan jaringan lunak secara detail. Kadang memakai kontras (gadolinium) sesuai kebutuhan.,,7299000
X-RAY CEPHALOMETRIC,Foto rontgen (X-ray) — Pemeriksaan foto rontgen untuk melihat struktur tulang dan area tubuh terkait sesuai indikasi dokter.,,448000
X-RAY DENTAL,Foto rontgen (X-ray) — Pemeriksaan foto rontgen untuk melihat struktur tulang dan area tubuh terkait sesuai indikasi dokter.,,214000
X-RAY OCLUSAL,Foto rontgen (X-ray) — Pemeriksaan foto rontgen untuk melihat struktur tulang dan area tubuh terkait sesuai indikasi dokter.,,325000
X-RAY PANORAMIC,Foto rontgen (X-ray) — Pemeriksaan foto rontgen untuk melihat struktur tulang dan area tubuh terkait sesuai indikasi dokter.,,417000
X-RAY PERIAPICAL,Foto rontgen (X-ray) — Pemeriksaan foto rontgen untuk melihat struktur tulang dan area tubuh terkait sesuai indikasi dokter.,,325000
PACKAGE FILM PANORAMIC,,,71000
SINAR TEMBUS (TV GUIDANCE) - FOR THE FIRST ONE HOUR,,,681000
SINAR TEMBUS (TV GUIDANCE) - FOR THE NEXT THIRTY MINUTES,,,651000
CD / DVD RADIOLOGY,,,113000
1 EXPERTISE RADIOLOGY,,,152000
PACKAGE FILM X RAY,,,244000
PACKAGE FILM USG,,,184000
PHOTO USG (BW) PER EXP,,,92000
PHOTO USG (COLOUR) PER EXP,,,122000
1 SHEET CT FILM,,,265000
EXPERTISE CT-SCAN,CT Scan — Pemeriksaan pencitraan menggunakan sinar-X dan komputer untuk menghasilkan gambar detail organ. Terkadang memakai zat kontras untuk memperjelas pembuluh darah/organ.,,540000
PACKAGE FILM CT,,,254000
1 SHEET MRI FILM,MRI — Pemeriksaan pencitraan menggunakan medan magnet untuk melihat organ dan jaringan lunak secara detail. Kadang memakai kontras (gadolinium) sesuai kebutuhan.,,254000
PACKAGE FILM MRI,,,71000
1 SHEET FILM  RADIOLOGY,,,203000
USG COMPLETE ABDOMEN,"USG perut — Untuk melihat organ dalam seperti hati, kantong empedu, pankreas, limpa, dan ginjal.",,1189000
USG GUIDED FOR DIAGNOSTIC,USG — Pemeriksaan ultrasonografi untuk melihat organ/jaringan secara real-time sesuai area pemeriksaan.,,1353000
USG GUIDED FOR DIAGNOSTIC WITH RISK,USG — Pemeriksaan ultrasonografi untuk melihat organ/jaringan secara real-time sesuai area pemeriksaan.,,2887000
USG GUIDED FOR THERAPY,USG — Pemeriksaan ultrasonografi untuk melihat organ/jaringan secara real-time sesuai area pemeriksaan.,,2389000
USG GUIDED FOR THERAPY WITH RISK,USG — Pemeriksaan ultrasonografi untuk melihat organ/jaringan secara real-time sesuai area pemeriksaan.,,7847000
USG LOWER ABDOMEN,"USG perut — Untuk melihat organ dalam seperti hati, kantong empedu, pankreas, limpa, dan ginjal.",,956000
USG MAMMAE,USG payudara — Untuk membantu evaluasi benjolan/nyeri payudara dan jaringan payudara.,,1189000
USG MUSKULOSKELETAL,USG — Pemeriksaan ultrasonografi untuk melihat organ/jaringan secara real-time sesuai area pemeriksaan.,,1078000
USG NECK,USG — Pemeriksaan ultrasonografi untuk melihat organ/jaringan secara real-time sesuai area pemeriksaan.,,1078000
USG OBSTETRY-GYNAECOLOGY,USG organ reproduksi wanita — Untuk melihat rahim dan ovarium sesuai keluhan/indikasi.,,1078000
USG PAEDIATRIC HEAD,USG — Pemeriksaan ultrasonografi untuk melihat organ/jaringan secara real-time sesuai area pemeriksaan.,,1189000
USG PAROTIS,USG — Pemeriksaan ultrasonografi untuk melihat organ/jaringan secara real-time sesuai area pemeriksaan.,,1078000
USG PELVIC,USG — Pemeriksaan ultrasonografi untuk melihat organ/jaringan secara real-time sesuai area pemeriksaan.,,1372000
USG SCROTAL,USG testis — Untuk melihat kondisi testis dan struktur sekitarnya.,,1189000
USG SOFT TISSUE / SUPERFICIAL,"USG jaringan superfisial (small parts) — Untuk memeriksa jaringan permukaan seperti benjolan, kelenjar, atau organ kecil sesuai area.",,1078000
USG THORAX,USG — Pemeriksaan ultrasonografi untuk melihat organ/jaringan secara real-time sesuai area pemeriksaan.,,1189000
USG THYROID,USG tiroid — Untuk melihat kelenjar tiroid dan kemungkinan benjolan/nodul.,,1078000
USG UPPER ABDOMEN,"USG perut — Untuk melihat organ dalam seperti hati, kantong empedu, pankreas, limpa, dan ginjal.",,1016000
KIDNEY / URINARY BLADDER / VESICA URINARIA USG / GINJAL / BULI-BULI USG,,,1189000
USG UROLOGY (RADIOLOGY),USG — Pemeriksaan ultrasonografi untuk melihat organ/jaringan secara real-time sesuai area pemeriksaan.,,1016000
OBSGYN 4D,,,2044000
OBSGYN 3D - SIMPLE,,,1231000
USG 3D ABDOMEN,"USG perut — Untuk melihat organ dalam seperti hati, kantong empedu, pankreas, limpa, dan ginjal.",,1525000
USG 3D SMALL PARTS/MAMMAE/THYROID,USG payudara — Untuk membantu evaluasi benjolan/nyeri payudara dan jaringan payudara.,,1485000
USG ABDOMEN COLOR DOPPLER,"USG perut — Untuk melihat organ dalam seperti hati, kantong empedu, pankreas, limpa, dan ginjal. Termasuk Doppler untuk menilai aliran darah pada pembuluh darah di area tersebut.",,1538000
USG ARTERIAL-VENA ORGAN,USG — Pemeriksaan ultrasonografi untuk melihat organ/jaringan secara real-time sesuai area pemeriksaan.,,2541000
USG CAROTIS (2 SIDE),USG — Pemeriksaan ultrasonografi untuk melihat organ/jaringan secara real-time sesuai area pemeriksaan.,,1987000
USG EXTRIMITES SIST. ARTERIAL (1 SIDE),USG — Pemeriksaan ultrasonografi untuk melihat organ/jaringan secara real-time sesuai area pemeriksaan.,,4750000
USG EXTRIMITES SIST. VENA (1 SIDE),USG — Pemeriksaan ultrasonografi untuk melihat organ/jaringan secara real-time sesuai area pemeriksaan.,,4750000
USG EXTRIMITES SIST. VENA (2 SIDE),USG — Pemeriksaan ultrasonografi untuk melihat organ/jaringan secara real-time sesuai area pemeriksaan.,,5082000
USG GYNAECOLOGY,USG organ reproduksi wanita — Untuk melihat rahim dan ovarium sesuai keluhan/indikasi.,,1444000
USG ORGAN SUPERFICIAL COLOR DOPPLER,"USG jaringan superfisial (small parts) — Untuk memeriksa jaringan permukaan seperti benjolan, kelenjar, atau organ kecil sesuai area. Termasuk Doppler untuk menilai aliran darah pada pembuluh darah di area tersebut.",,2074000
USG SCROTAL COLOR DOPPLER,USG testis — Untuk melihat kondisi testis dan struktur sekitarnya. Termasuk Doppler untuk menilai aliran darah pada pembuluh darah di area tersebut.,,2529000
USG SMALL PARTS/ MAMMAE/ THYROID COLOR DOPPLER,USG payudara — Untuk membantu evaluasi benjolan/nyeri payudara dan jaringan payudara. Termasuk Doppler untuk menilai aliran darah pada pembuluh darah di area tersebut.,,2271000
HERNIA INGUINAL USG,Hernia Inguinal Usg (untuk melihat kondisi organ secara detail),,1189000
